{
  "feature_set": "finbert",
  "model_type": "gradient_boosting",
  "test_metrics": {
    "accuracy": 0.553030303030303,
    "precision": 0.546875,
    "recall": 0.5384615384615384,
    "f1_score": 0.5426356589147286,
    "roc_auc": 0.5855338691159587,
    "confusion_matrix": [
      [
        38,
        29
      ],
      [
        30,
        35
      ]
    ],
    "classification_report": {
      "0": {
        "precision": 0.5588235294117647,
        "recall": 0.5671641791044776,
        "f1-score": 0.562962962962963,
        "support": 67.0
      },
      "1": {
        "precision": 0.546875,
        "recall": 0.5384615384615384,
        "f1-score": 0.5426356589147286,
        "support": 65.0
      },
      "accuracy": 0.553030303030303,
      "macro avg": {
        "precision": 0.5528492647058824,
        "recall": 0.552812858783008,
        "f1-score": 0.5527993109388458,
        "support": 132.0
      },
      "weighted avg": {
        "precision": 0.5529397838680926,
        "recall": 0.553030303030303,
        "f1-score": 0.5529533056664839,
        "support": 132.0
      }
    }
  },
  "feature_columns": [
    "hour",
    "sma_7",
    "rsi_14",
    "price_usd",
    "is_weekend",
    "return_24h",
    "volume_24h",
    "day_of_week",
    "volatility_24h",
    "finbert_neutral",
    "finbert_compound",
    "finbert_negative",
    "finbert_positive"
  ]
}