{
  "feature_set": "finbert",
  "model_type": "gradient_boosting",
  "test_metrics": {
    "accuracy": 0.582089552238806,
    "precision": 0.5757575757575758,
    "recall": 0.5757575757575758,
    "f1_score": 0.5757575757575758,
    "roc_auc": 0.5730837789661319,
    "confusion_matrix": [
      [
        40,
        28
      ],
      [
        28,
        38
      ]
    ],
    "classification_report": {
      "0": {
        "precision": 0.5882352941176471,
        "recall": 0.5882352941176471,
        "f1-score": 0.5882352941176471,
        "support": 68.0
      },
      "1": {
        "precision": 0.5757575757575758,
        "recall": 0.5757575757575758,
        "f1-score": 0.5757575757575758,
        "support": 66.0
      },
      "accuracy": 0.582089552238806,
      "macro avg": {
        "precision": 0.5819964349376114,
        "recall": 0.5819964349376114,
        "f1-score": 0.5819964349376114,
        "support": 134.0
      },
      "weighted avg": {
        "precision": 0.582089552238806,
        "recall": 0.582089552238806,
        "f1-score": 0.582089552238806,
        "support": 134.0
      }
    }
  },
  "feature_columns": [
    "hour",
    "sma_7",
    "rsi_14",
    "price_usd",
    "is_weekend",
    "return_24h",
    "volume_24h",
    "day_of_week",
    "volatility_24h",
    "finbert_neutral",
    "finbert_compound",
    "finbert_negative",
    "finbert_positive"
  ]
}