{
  "feature_set": "vader",
  "model_type": "xgboost",
  "test_metrics": {
    "accuracy": 0.518796992481203,
    "precision": 0.5084745762711864,
    "recall": 0.46153846153846156,
    "f1_score": 0.4838709677419355,
    "roc_auc": 0.5080316742081448,
    "confusion_matrix": [
      [
        39,
        29
      ],
      [
        35,
        30
      ]
    ],
    "classification_report": {
      "0": {
        "precision": 0.527027027027027,
        "recall": 0.5735294117647058,
        "f1-score": 0.5492957746478874,
        "support": 68.0
      },
      "1": {
        "precision": 0.5084745762711864,
        "recall": 0.46153846153846156,
        "f1-score": 0.4838709677419355,
        "support": 65.0
      },
      "accuracy": 0.518796992481203,
      "macro avg": {
        "precision": 0.5177508016491067,
        "recall": 0.5175339366515836,
        "f1-score": 0.5165833711949115,
        "support": 133.0
      },
      "weighted avg": {
        "precision": 0.5179600398155259,
        "recall": 0.518796992481203,
        "f1-score": 0.5173212449570086,
        "support": 133.0
      }
    }
  },
  "feature_columns": [
    "hour",
    "sma_7",
    "rsi_14",
    "price_usd",
    "is_weekend",
    "return_24h",
    "volume_24h",
    "day_of_week",
    "vader_neutral",
    "vader_compound",
    "vader_negative",
    "vader_positive",
    "volatility_24h"
  ]
}