{
  "feature_set": "finbert",
  "model_type": "xgboost",
  "test_metrics": {
    "accuracy": 0.49624060150375937,
    "precision": 0.48333333333333334,
    "recall": 0.4461538461538462,
    "f1_score": 0.464,
    "roc_auc": 0.5084841628959277,
    "confusion_matrix": [
      [
        37,
        31
      ],
      [
        36,
        29
      ]
    ],
    "classification_report": {
      "0": {
        "precision": 0.5068493150684932,
        "recall": 0.5441176470588235,
        "f1-score": 0.524822695035461,
        "support": 68.0
      },
      "1": {
        "precision": 0.48333333333333334,
        "recall": 0.4461538461538462,
        "f1-score": 0.464,
        "support": 65.0
      },
      "accuracy": 0.49624060150375937,
      "macro avg": {
        "precision": 0.4950913242009133,
        "recall": 0.49513574660633486,
        "f1-score": 0.4944113475177305,
        "support": 133.0
      },
      "weighted avg": {
        "precision": 0.49535654204003166,
        "recall": 0.49624060150375937,
        "f1-score": 0.49509731776249133,
        "support": 133.0
      }
    }
  },
  "feature_columns": [
    "hour",
    "sma_7",
    "rsi_14",
    "price_usd",
    "is_weekend",
    "return_24h",
    "volume_24h",
    "day_of_week",
    "volatility_24h",
    "finbert_neutral",
    "finbert_compound",
    "finbert_negative",
    "finbert_positive"
  ]
}