{
  "feature_set": "vader",
  "model_type": "gradient_boosting",
  "test_metrics": {
    "accuracy": 0.5,
    "precision": 0.49019607843137253,
    "recall": 0.4166666666666667,
    "f1_score": 0.45045045045045046,
    "roc_auc": 0.5333333333333333,
    "confusion_matrix": [
      [
        36,
        26
      ],
      [
        35,
        25
      ]
    ],
    "classification_report": {
      "0": {
        "precision": 0.5070422535211268,
        "recall": 0.5806451612903226,
        "f1-score": 0.5413533834586466,
        "support": 62.0
      },
      "1": {
        "precision": 0.49019607843137253,
        "recall": 0.4166666666666667,
        "f1-score": 0.45045045045045046,
        "support": 60.0
      },
      "accuracy": 0.5,
      "macro avg": {
        "precision": 0.49861916597624967,
        "recall": 0.4986559139784946,
        "f1-score": 0.49590191695454855,
        "support": 122.0
      },
      "weighted avg": {
        "precision": 0.4987572493786247,
        "recall": 0.5,
        "f1-score": 0.49664702296281243,
        "support": 122.0
      }
    }
  },
  "feature_columns": [
    "hour",
    "sma_7",
    "rsi_14",
    "price_usd",
    "is_weekend",
    "return_24h",
    "volume_24h",
    "day_of_week",
    "vader_neutral",
    "vader_compound",
    "vader_negative",
    "vader_positive",
    "volatility_24h"
  ]
}