{
  "feature_set": "finbert",
  "model_type": "random_forest",
  "test_metrics": {
    "accuracy": 0.5245901639344263,
    "precision": 0.5166666666666667,
    "recall": 0.5166666666666667,
    "f1_score": 0.5166666666666667,
    "roc_auc": 0.55,
    "confusion_matrix": [
      [
        33,
        29
      ],
      [
        29,
        31
      ]
    ],
    "classification_report": {
      "0": {
        "precision": 0.532258064516129,
        "recall": 0.532258064516129,
        "f1-score": 0.532258064516129,
        "support": 62.0
      },
      "1": {
        "precision": 0.5166666666666667,
        "recall": 0.5166666666666667,
        "f1-score": 0.5166666666666667,
        "support": 60.0
      },
      "accuracy": 0.5245901639344263,
      "macro avg": {
        "precision": 0.5244623655913978,
        "recall": 0.5244623655913978,
        "f1-score": 0.5244623655913978,
        "support": 122.0
      },
      "weighted avg": {
        "precision": 0.5245901639344263,
        "recall": 0.5245901639344263,
        "f1-score": 0.5245901639344263,
        "support": 122.0
      }
    }
  },
  "feature_columns": [
    "hour",
    "sma_7",
    "rsi_14",
    "price_usd",
    "is_weekend",
    "return_24h",
    "volume_24h",
    "day_of_week",
    "volatility_24h",
    "finbert_neutral",
    "finbert_compound",
    "finbert_negative",
    "finbert_positive"
  ]
}