{
  "feature_set": "finbert",
  "model_type": "random_forest",
  "test_metrics": {
    "accuracy": 0.5785123966942148,
    "precision": 0.5666666666666667,
    "recall": 0.576271186440678,
    "f1_score": 0.5714285714285714,
    "roc_auc": 0.5820120284308365,
    "confusion_matrix": [
      [
        36,
        26
      ],
      [
        25,
        34
      ]
    ],
    "classification_report": {
      "0": {
        "precision": 0.5901639344262295,
        "recall": 0.5806451612903226,
        "f1-score": 0.5853658536585366,
        "support": 62.0
      },
      "1": {
        "precision": 0.5666666666666667,
        "recall": 0.576271186440678,
        "f1-score": 0.5714285714285714,
        "support": 59.0
      },
      "accuracy": 0.5785123966942148,
      "macro avg": {
        "precision": 0.5784153005464481,
        "recall": 0.5784581738655004,
        "f1-score": 0.5783972125435539,
        "support": 121.0
      },
      "weighted avg": {
        "precision": 0.5787065889897484,
        "recall": 0.5785123966942148,
        "f1-score": 0.5785699887695452,
        "support": 121.0
      }
    }
  },
  "feature_columns": [
    "hour",
    "sma_7",
    "rsi_14",
    "price_usd",
    "is_weekend",
    "return_24h",
    "volume_24h",
    "day_of_week",
    "volatility_24h",
    "finbert_neutral",
    "finbert_compound",
    "finbert_negative",
    "finbert_positive"
  ]
}