{
  "feature_set": "vader",
  "model_type": "random_forest",
  "test_metrics": {
    "accuracy": 0.5909090909090909,
    "precision": 0.5901639344262295,
    "recall": 0.5538461538461539,
    "f1_score": 0.5714285714285714,
    "roc_auc": 0.5795637198622274,
    "confusion_matrix": [
      [
        42,
        25
      ],
      [
        29,
        36
      ]
    ],
    "classification_report": {
      "0": {
        "precision": 0.5915492957746479,
        "recall": 0.6268656716417911,
        "f1-score": 0.6086956521739131,
        "support": 67.0
      },
      "1": {
        "precision": 0.5901639344262295,
        "recall": 0.5538461538461539,
        "f1-score": 0.5714285714285714,
        "support": 65.0
      },
      "accuracy": 0.5909090909090909,
      "macro avg": {
        "precision": 0.5908566151004386,
        "recall": 0.5903559127439725,
        "f1-score": 0.5900621118012422,
        "support": 132.0
      },
      "weighted avg": {
        "precision": 0.5908671102621691,
        "recall": 0.5909090909090909,
        "f1-score": 0.5903444381705252,
        "support": 132.0
      }
    }
  },
  "feature_columns": [
    "hour",
    "sma_7",
    "rsi_14",
    "price_usd",
    "is_weekend",
    "return_24h",
    "volume_24h",
    "day_of_week",
    "vader_neutral",
    "vader_compound",
    "vader_negative",
    "vader_positive",
    "volatility_24h"
  ]
}