{
  "feature_set": "vader",
  "model_type": "random_forest",
  "test_metrics": {
    "accuracy": 0.5785123966942148,
    "precision": 0.5689655172413793,
    "recall": 0.559322033898305,
    "f1_score": 0.5641025641025641,
    "roc_auc": 0.5902132312739202,
    "confusion_matrix": [
      [
        37,
        25
      ],
      [
        26,
        33
      ]
    ],
    "classification_report": {
      "0": {
        "precision": 0.5873015873015873,
        "recall": 0.5967741935483871,
        "f1-score": 0.592,
        "support": 62.0
      },
      "1": {
        "precision": 0.5689655172413793,
        "recall": 0.559322033898305,
        "f1-score": 0.5641025641025641,
        "support": 59.0
      },
      "accuracy": 0.5785123966942148,
      "macro avg": {
        "precision": 0.5781335522714833,
        "recall": 0.5780481137233461,
        "f1-score": 0.578051282051282,
        "support": 121.0
      },
      "weighted avg": {
        "precision": 0.5783608589251223,
        "recall": 0.5785123966942148,
        "f1-score": 0.5783971180334816,
        "support": 121.0
      }
    }
  },
  "feature_columns": [
    "hour",
    "sma_7",
    "rsi_14",
    "price_usd",
    "is_weekend",
    "return_24h",
    "volume_24h",
    "day_of_week",
    "vader_neutral",
    "vader_compound",
    "vader_negative",
    "vader_positive",
    "volatility_24h"
  ]
}