{
  "feature_set": "vader",
  "model_type": "lgbm",
  "test_metrics": {
    "accuracy": 0.6194029850746269,
    "precision": 0.6056338028169014,
    "recall": 0.6515151515151515,
    "f1_score": 0.6277372262773723,
    "roc_auc": 0.6234402852049911,
    "confusion_matrix": [
      [
        40,
        28
      ],
      [
        23,
        43
      ]
    ],
    "classification_report": {
      "0": {
        "precision": 0.6349206349206349,
        "recall": 0.5882352941176471,
        "f1-score": 0.6106870229007634,
        "support": 68.0
      },
      "1": {
        "precision": 0.6056338028169014,
        "recall": 0.6515151515151515,
        "f1-score": 0.6277372262773723,
        "support": 66.0
      },
      "accuracy": 0.6194029850746269,
      "macro avg": {
        "precision": 0.6202772188687682,
        "recall": 0.6198752228163993,
        "f1-score": 0.6192121245890678,
        "support": 134.0
      },
      "weighted avg": {
        "precision": 0.6204957773173033,
        "recall": 0.6194029850746269,
        "f1-score": 0.6190848842653618,
        "support": 134.0
      }
    }
  },
  "feature_columns": [
    "hour",
    "sma_7",
    "rsi_14",
    "price_usd",
    "is_weekend",
    "return_24h",
    "volume_24h",
    "day_of_week",
    "vader_neutral",
    "vader_compound",
    "vader_negative",
    "vader_positive",
    "volatility_24h"
  ]
}